<?xml version="1.0" encoding="UTF-8"?>
<office:document-content xmlns:office="urn:oasis:names:tc:opendocument:xmlns:office:1.0" xmlns:style="urn:oasis:names:tc:opendocument:xmlns:style:1.0" xmlns:text="urn:oasis:names:tc:opendocument:xmlns:text:1.0" xmlns:table="urn:oasis:names:tc:opendocument:xmlns:table:1.0" xmlns:draw="urn:oasis:names:tc:opendocument:xmlns:drawing:1.0" xmlns:fo="urn:oasis:names:tc:opendocument:xmlns:xsl-fo-compatible:1.0" xmlns:xlink="http://www.w3.org/1999/xlink" xmlns:dc="http://purl.org/dc/elements/1.1/" xmlns:meta="urn:oasis:names:tc:opendocument:xmlns:meta:1.0" xmlns:number="urn:oasis:names:tc:opendocument:xmlns:datastyle:1.0" xmlns:svg="urn:oasis:names:tc:opendocument:xmlns:svg-compatible:1.0" xmlns:chart="urn:oasis:names:tc:opendocument:xmlns:chart:1.0" xmlns:dr3d="urn:oasis:names:tc:opendocument:xmlns:dr3d:1.0" xmlns:math="http://www.w3.org/1998/Math/MathML" xmlns:form="urn:oasis:names:tc:opendocument:xmlns:form:1.0" xmlns:script="urn:oasis:names:tc:opendocument:xmlns:script:1.0" xmlns:ooo="http://openoffice.org/2004/office" xmlns:ooow="http://openoffice.org/2004/writer" xmlns:oooc="http://openoffice.org/2004/calc" xmlns:dom="http://www.w3.org/2001/xml-events" xmlns:xforms="http://www.w3.org/2002/xforms" xmlns:xsd="http://www.w3.org/2001/XMLSchema" xmlns:xsi="http://www.w3.org/2001/XMLSchema-instance" xmlns:rpt="http://openoffice.org/2005/report" xmlns:of="urn:oasis:names:tc:opendocument:xmlns:of:1.2" xmlns:xhtml="http://www.w3.org/1999/xhtml" xmlns:grddl="http://www.w3.org/2003/g/data-view#" xmlns:officeooo="http://openoffice.org/2009/office" xmlns:tableooo="http://openoffice.org/2009/table" xmlns:drawooo="http://openoffice.org/2010/draw" xmlns:calcext="urn:org:documentfoundation:names:experimental:calc:xmlns:calcext:1.0" xmlns:loext="urn:org:documentfoundation:names:experimental:office:xmlns:loext:1.0" xmlns:field="urn:openoffice:names:experimental:ooo-ms-interop:xmlns:field:1.0" xmlns:formx="urn:openoffice:names:experimental:ooxml-odf-interop:xmlns:form:1.0" xmlns:css3t="http://www.w3.org/TR/css3-text/" office:version="1.2"><office:scripts/><office:font-face-decls><style:font-face style:name="FreeSans1" svg:font-family="FreeSans" style:font-family-generic="swiss"/><style:font-face style:name="Liberation Serif" svg:font-family="&apos;Liberation Serif&apos;" style:font-family-generic="roman" style:font-pitch="variable"/><style:font-face style:name="Liberation Sans" svg:font-family="&apos;Liberation Sans&apos;" style:font-family-generic="swiss" style:font-pitch="variable"/><style:font-face style:name="FreeSans" svg:font-family="FreeSans" style:font-family-generic="system" style:font-pitch="variable"/><style:font-face style:name="Noto Sans CJK SC Regular" svg:font-family="&apos;Noto Sans CJK SC Regular&apos;" style:font-family-generic="system" style:font-pitch="variable"/></office:font-face-decls><office:automatic-styles><style:style style:name="P1" style:family="paragraph" style:parent-style-name="Standard"><style:text-properties officeooo:rsid="0012d259" officeooo:paragraph-rsid="0012d259"/></style:style><style:style style:name="P2" style:family="paragraph" style:parent-style-name="Standard"><style:text-properties officeooo:rsid="0013eecc" officeooo:paragraph-rsid="0013eecc"/></style:style><style:style style:name="P3" style:family="paragraph" style:parent-style-name="Standard"><style:paragraph-properties fo:text-align="justify" style:justify-single-word="false"/><style:text-properties fo:font-size="11pt" officeooo:rsid="0013eecc" officeooo:paragraph-rsid="0014d2bd" style:font-size-asian="11pt" style:font-size-complex="11pt"/></style:style><style:style style:name="P4" style:family="paragraph" style:parent-style-name="Standard"><style:paragraph-properties fo:text-align="justify" style:justify-single-word="false"/><style:text-properties fo:font-size="11pt" officeooo:rsid="0013eecc" officeooo:paragraph-rsid="00173e85" style:font-size-asian="11pt" style:font-size-complex="11pt"/></style:style><style:style style:name="P5" style:family="paragraph" style:parent-style-name="Standard"><style:paragraph-properties fo:text-align="justify" style:justify-single-word="false"/><style:text-properties fo:font-size="11pt" officeooo:rsid="0014d2bd" officeooo:paragraph-rsid="0014d2bd" style:font-size-asian="11pt" style:font-size-complex="11pt"/></style:style><style:style style:name="P6" style:family="paragraph" style:parent-style-name="Standard"><style:paragraph-properties fo:text-align="justify" style:justify-single-word="false"/><style:text-properties fo:font-size="11pt" officeooo:rsid="001564c1" officeooo:paragraph-rsid="001564c1" style:font-size-asian="11pt" style:font-size-complex="11pt"/></style:style><style:style style:name="P7" style:family="paragraph" style:parent-style-name="Standard"><style:paragraph-properties fo:text-align="justify" style:justify-single-word="false"/><style:text-properties fo:font-size="11pt" officeooo:rsid="001564c1" officeooo:paragraph-rsid="001ea3b0" style:font-size-asian="11pt" style:font-size-complex="11pt"/></style:style><style:style style:name="P8" style:family="paragraph" style:parent-style-name="Standard"><style:paragraph-properties fo:text-align="justify" style:justify-single-word="false"/><style:text-properties fo:font-size="11pt" officeooo:rsid="00160572" officeooo:paragraph-rsid="00160572" style:font-size-asian="11pt" style:font-size-complex="11pt"/></style:style><style:style style:name="P9" style:family="paragraph" style:parent-style-name="Standard"><style:paragraph-properties fo:text-align="justify" style:justify-single-word="false"/><style:text-properties fo:font-size="11pt" officeooo:rsid="0016ab3e" officeooo:paragraph-rsid="0016ab3e" style:font-size-asian="11pt" style:font-size-complex="11pt"/></style:style><style:style style:name="P10" style:family="paragraph" style:parent-style-name="Standard"><style:paragraph-properties fo:text-align="justify" style:justify-single-word="false"/><style:text-properties fo:font-size="11pt" officeooo:rsid="00173e85" officeooo:paragraph-rsid="00173e85" style:font-size-asian="11pt" style:font-size-complex="11pt"/></style:style><style:style style:name="P11" style:family="paragraph" style:parent-style-name="Standard"><style:paragraph-properties fo:text-align="justify" style:justify-single-word="false"/><style:text-properties fo:font-size="11pt" officeooo:rsid="00173e85" officeooo:paragraph-rsid="00185d04" style:font-size-asian="11pt" style:font-size-complex="11pt"/></style:style><style:style style:name="P12" style:family="paragraph" style:parent-style-name="Standard"><style:paragraph-properties fo:text-align="justify" style:justify-single-word="false"/><style:text-properties fo:font-size="11pt" officeooo:rsid="001ae228" officeooo:paragraph-rsid="001f898b" style:font-size-asian="11pt" style:font-size-complex="11pt"/></style:style><style:style style:name="P13" style:family="paragraph" style:parent-style-name="Standard"><style:paragraph-properties fo:text-align="justify" style:justify-single-word="false"/><style:text-properties fo:font-size="11pt" officeooo:rsid="001c24f6" officeooo:paragraph-rsid="001c24f6" style:font-size-asian="11pt" style:font-size-complex="11pt"/></style:style><style:style style:name="P14" style:family="paragraph" style:parent-style-name="Standard"><style:paragraph-properties fo:text-align="justify" style:justify-single-word="false"/><style:text-properties fo:font-size="11pt" officeooo:rsid="001ea3b0" officeooo:paragraph-rsid="001ea3b0" style:font-size-asian="11pt" style:font-size-complex="11pt"/></style:style><style:style style:name="P15" style:family="paragraph" style:parent-style-name="Standard"><style:paragraph-properties fo:text-align="justify" style:justify-single-word="false"/><style:text-properties fo:font-size="11pt" officeooo:rsid="001f898b" officeooo:paragraph-rsid="001f898b" style:font-size-asian="11pt" style:font-size-complex="11pt"/></style:style><style:style style:name="P16" style:family="paragraph" style:parent-style-name="Standard"><style:paragraph-properties fo:text-align="justify" style:justify-single-word="false"/><style:text-properties officeooo:paragraph-rsid="001f898b"/></style:style><style:style style:name="P17" style:family="paragraph" style:parent-style-name="Standard"><style:paragraph-properties fo:text-align="justify" style:justify-single-word="false"/><style:text-properties fo:font-size="11pt" officeooo:rsid="00185d04" officeooo:paragraph-rsid="001ae228" style:font-size-asian="11pt" style:font-size-complex="11pt"/></style:style><style:style style:name="P18" style:family="paragraph" style:parent-style-name="Standard"><style:paragraph-properties fo:text-align="justify" style:justify-single-word="false"/><style:text-properties fo:font-size="11pt" officeooo:rsid="001ea3b0" officeooo:paragraph-rsid="001f898b" style:font-size-asian="11pt" style:font-size-complex="11pt"/></style:style><style:style style:name="P19" style:family="paragraph" style:parent-style-name="Standard"><style:paragraph-properties fo:text-align="justify" style:justify-single-word="false"/><style:text-properties fo:font-size="11pt" officeooo:rsid="001f898b" officeooo:paragraph-rsid="001f898b" style:font-size-asian="11pt" style:font-size-complex="11pt"/></style:style><style:style style:name="P20" style:family="paragraph" style:parent-style-name="Standard"><style:paragraph-properties fo:text-align="justify" style:justify-single-word="false"/><style:text-properties fo:font-size="11pt" officeooo:rsid="001f898b" officeooo:paragraph-rsid="0020d0b8" style:font-size-asian="11pt" style:font-size-complex="11pt"/></style:style><style:style style:name="P21" style:family="paragraph" style:parent-style-name="Standard"><style:paragraph-properties fo:text-align="justify" style:justify-single-word="false"/><style:text-properties fo:font-size="11pt" officeooo:rsid="0016c514" officeooo:paragraph-rsid="0016c514" style:font-size-asian="11pt" style:font-size-complex="11pt"/></style:style><style:style style:name="P22" style:family="paragraph" style:parent-style-name="Standard"><style:paragraph-properties fo:text-align="justify" style:justify-single-word="false"/><style:text-properties fo:font-size="11pt" officeooo:rsid="002471d5" officeooo:paragraph-rsid="002471d5" style:font-size-asian="11pt" style:font-size-complex="11pt"/></style:style><style:style style:name="P23" style:family="paragraph" style:parent-style-name="Heading_20_1"><style:text-properties fo:font-size="17pt" style:font-size-asian="17pt" style:font-size-complex="17pt"/></style:style><style:style style:name="P24" style:family="paragraph" style:parent-style-name="Heading_20_1"><style:paragraph-properties fo:break-before="page"/><style:text-properties officeooo:rsid="0016c514" officeooo:paragraph-rsid="00173e85"/></style:style><style:style style:name="T1" style:family="text"><style:text-properties officeooo:rsid="0014d2bd"/></style:style><style:style style:name="T2" style:family="text"><style:text-properties officeooo:rsid="001564c1"/></style:style><style:style style:name="T3" style:family="text"><style:text-properties officeooo:rsid="00160572"/></style:style><style:style style:name="T4" style:family="text"><style:text-properties officeooo:rsid="00173e85"/></style:style><style:style style:name="T5" style:family="text"><style:text-properties style:font-name="Liberation Sans" fo:font-size="17pt" fo:font-weight="bold" style:font-name-asian="Noto Sans CJK SC Regular" style:font-size-asian="17pt" style:font-weight-asian="bold" style:font-name-complex="FreeSans" style:font-size-complex="17pt" style:font-weight-complex="bold"/></style:style><style:style style:name="T6" style:family="text"><style:text-properties style:font-name="Liberation Sans" fo:font-size="17pt" fo:font-weight="bold" officeooo:rsid="00160572" style:font-name-asian="Noto Sans CJK SC Regular" style:font-size-asian="17pt" style:font-weight-asian="bold" style:font-name-complex="FreeSans" style:font-size-complex="17pt" style:font-weight-complex="bold"/></style:style><style:style style:name="T7" style:family="text"><style:text-properties style:font-name="Liberation Sans" fo:font-size="17pt" fo:font-weight="bold" officeooo:rsid="00173e85" style:font-name-asian="Noto Sans CJK SC Regular" style:font-size-asian="17pt" style:font-weight-asian="bold" style:font-name-complex="FreeSans" style:font-size-complex="17pt" style:font-weight-complex="bold"/></style:style><style:style style:name="T8" style:family="text"><style:text-properties officeooo:rsid="00185d04"/></style:style><style:style style:name="T9" style:family="text"><style:text-properties fo:font-size="11pt" officeooo:rsid="001ea3b0" style:font-size-asian="11pt" style:font-size-complex="11pt"/></style:style><style:style style:name="T10" style:family="text"><style:text-properties fo:font-size="11pt" officeooo:rsid="001f898b" style:font-size-asian="11pt" style:font-size-complex="11pt"/></style:style><style:style style:name="T11" style:family="text"><style:text-properties fo:font-size="11pt" officeooo:rsid="00243c87" style:font-size-asian="11pt" style:font-size-complex="11pt"/></style:style><style:style style:name="T12" style:family="text"><style:text-properties officeooo:rsid="001c24f6"/></style:style><style:style style:name="T13" style:family="text"><style:text-properties officeooo:rsid="001ea3b0"/></style:style></office:automatic-styles><office:body><office:text text:use-soft-page-breaks="true"><office:forms form:automatic-focus="false" form:apply-design-mode="false"/><text:sequence-decls><text:sequence-decl text:display-outline-level="0" text:name="Illustration"/><text:sequence-decl text:display-outline-level="0" text:name="Table"/><text:sequence-decl text:display-outline-level="0" text:name="Text"/><text:sequence-decl text:display-outline-level="0" text:name="Drawing"/></text:sequence-decls><text:h text:style-name="P23" text:outline-level="1">Resumen <text:span text:style-name="T3">proceso de </text:span>migración de servidor SIPME</text:h><text:p text:style-name="P1"/><text:p text:style-name="P3">El día Sábado 22 de Junio con apoyo del Ing. José Luis Rosales M. Responsable de IT se procedió a migrar el SIPME <text:span text:style-name="T1">(aplicación, usuarios, base de datos y todo lo vinculado para su funcionamiento) </text:span>de<text:span text:style-name="T1">sde el</text:span> servidor <text:span text:style-name="T1">sipme.hfhnic.dmz hacia el nuevo equipo sipme.hfhnic.org. Para esta tarea se invirtieron aproximadamente 6.5 horas presenciales en las oficinas de Hábitat para la Humanidad Nicaragua.</text:span></text:p><text:p text:style-name="P3"/><text:p text:style-name="P5">En el servidor original se procedió a:</text:p><text:p text:style-name="P5"/><text:p text:style-name="P5">1. Detener el funcionamiento del SIPME.</text:p><text:p text:style-name="P5">2. Respaldar los componentes de la aplicación:</text:p><text:p text:style-name="P5">2.1. Archivos de ejecución de la aplicación SIPME (PHP, JavaScript, HTML y otros archivos relacionados)</text:p><text:p text:style-name="P5">2.2. Archivos adjuntos a la aplicación SIPME (como fotos, memorias de cálculo, etc.)</text:p><text:p text:style-name="P5">2.3. Base de datos de PostgreSQL (Entre otros incluye presupuestos, configuración de memorias de cálculo, usuarios, etc.).</text:p><text:p text:style-name="P6">2.4 Aplicación complementaria de reportes PDF.</text:p><text:p text:style-name="P5"/><text:p text:style-name="P5">En el nuevo equipo <text:span text:style-name="T2">se procedió a:</text:span></text:p><text:p text:style-name="P5"/><text:p text:style-name="P6">1. Verificar el estado de la instalación del sistema operativo Linux CentO<text:span text:style-name="T8">S</text:span> 7 realizada de previo por el Ing. Rosales.</text:p><text:p text:style-name="P6">2. Se instaló y configuró Apache Web Server.</text:p><text:p text:style-name="P6">3. Se instaló y configuró PHP</text:p><text:p text:style-name="P6">4. Se instaló y configuró PostgreSQL</text:p><text:p text:style-name="P6">5. Se instaló y configuró la aplicación SIPME</text:p><text:p text:style-name="P6">6. Se restauró la configuración (previamente respaldada) del SIPME</text:p><text:p text:style-name="P6">7. Se restauró la base de datos PostgreSQL (usando el respaldo del equipo original)</text:p><text:p text:style-name="P6">8. Se instaló y configuró el servidor de reportes PDF</text:p><text:p text:style-name="P6">9. <text:span text:style-name="T3">Se configuró el Firewall y la red del equipo, de tal manera que los usuarios actuales del SIPME no notaran la diferencia del cambio de equipo (asegurar que la migración fuera transparente para los usuarios finales).</text:span></text:p><text:p text:style-name="P8">10. Se probó cada uno de los componentes del SIPME ya ejecutándose en el nuevo equipo, verificando que se pudieron crear o modificar presupuestos, agregar, editar o borrar registros, ingresar a la consola de administración, generar reportes PDF, subir y modificar memorias de cálculo, entre otras pruebas, las cuales resultaron exitosas.</text:p><text:p text:style-name="P8">11. Se procedió a ajustar y probar los scripts de respaldos en el nuevo servidor.</text:p><text:p text:style-name="P8">12. El SIPME quedó operando en el nuevo equipo.</text:p><text:p text:style-name="P8"/><text:p text:style-name="P9">Finalmente el SIPME fue deshabilitado en el servidor original, pero no se hizo ningún cambio en dicho equipo, para tenerlo de respaldo ante cualquier eventualidad que surgiera cuando los usuarios hicieran uso del instalado en el nuevo equipo.</text:p><text:p text:style-name="P9"/><text:p text:style-name="P9">En la semana del 22 al 29 de Junio del 2019 no se reportaron incidencias al respecto.</text:p><text:p text:style-name="P9"/><text:p text:style-name="P21">Adjunto a este documento se agregan las configuraciones y comandos detallados desde el punto de vista técnico informático para referencia documental detallada.</text:p><text:p text:style-name="P21"/><text:p text:style-name="P22">Se adjuntan manuales originales de usuario y administración del SIPME.</text:p><text:h text:style-name="P24" text:outline-level="1"><text:span text:style-name="T5">Resumen </text:span><text:span text:style-name="T6">proceso de instalación </text:span><text:span text:style-name="T5">servidor </text:span><text:span text:style-name="T7">Mi Casa</text:span></text:h><text:p text:style-name="P2"/><text:p text:style-name="P4">El día Sábado 2<text:span text:style-name="T4">9</text:span> de Junio con apoyo del Ing. José Luis Rosales M. Responsable de IT se procedió a <text:span text:style-name="T4">instalar la aplicación Mi Casa en el servidor designado para tal fin (antiguo servidor utilizado para el SIPME). Para esta tarea se invirtieron aproximadamente 8 horas presenciales en las oficinas de Hábitat para la Humanidad Nicaragua y 2 horas de trabajo remoto.</text:span></text:p><text:p text:style-name="P4"/><text:p text:style-name="P10">En el servidor designado se procedió a:</text:p><text:p text:style-name="P10"/><text:p text:style-name="P11">1. Verificar el estado del sistema operativo en dicho equipo: el cual consistía ser un Linux CentO<text:span text:style-name="T8">S</text:span> 6.4, instalado en el año 2014 <text:span text:style-name="T8">y configurado particularmente para ejecutar la tecnología con la que está desarrollado el SIPME (sistema basado en LAMP), además no se cuenta con documentación de las instalaciones o configuraciones extra que los responsables de IT previos podrían haber realizado en dicho equipo.</text:span></text:p><text:p text:style-name="P17">2. Analizar y decidir la estrategia a seguir, tomando como base la verificación del estado actual del servidor dado que: a) el sistema operativo estaba desactualizado, b) había que desinstalar y deshabilitar cada uno de los componentes vinculados al SIPME (la aplicación Mi Casa, no está basada en LAMP, sino más bien en Java EE y PostgreSQL), c) revisar con más detalle algunos procesos no documentados en ejecución, d) y tomando como premisa que durante la semana del 22 al 29 de Junio del 2019 no se reportaron incidencias al respecto a la migración del SIPME realizada con anterioridad, se decidió reinstalar el sistema operativo completo del servidor para arrancar Mi Casa en un entorno limpio.</text:p><text:p text:style-name="P12">3. Se instaló <text:span text:style-name="T12">y configuró </text:span>el s<text:span text:style-name="T2">istema operativo Linux CentOS 7, asignándole el nombre t620.micasa.com.ni</text:span></text:p><text:p text:style-name="P13">4. Se instaló y configuró Apache Web Server</text:p><text:p text:style-name="P13">5. Se instaló y configuró PostgreSQL.</text:p><text:p text:style-name="P13">6. Se instaló y configuro Java y Apache Tomcat 8.</text:p><text:p text:style-name="P14">7. Se instaló y configuró la aplicación Mi Casa versión beta.</text:p><text:p text:style-name="P14">8. Se respaldaron los datos y los archivos de prueba que los usuarios habían ingresado en el servidor de pruebas <text:a xlink:type="simple" xlink:href="http://micasa.erpuno.com/" text:style-name="Internet_20_link" text:visited-style-name="Visited_20_Internet_20_Link">http://micasa.erpuno.com</text:a> el cual a partir de esta fecha queda deshabilitado.</text:p><text:p text:style-name="P14">9. Se tomaron los datos y archivos de prueba respaldado y se montaron en el servidor provisto Habitat.</text:p><text:p text:style-name="P15">10. Se instaló y configuró un servidor SMTP para la salida de correos de notificación por parte de la aplicación.</text:p><text:p text:style-name="P7"><text:span text:style-name="T13">11</text:span>. <text:span text:style-name="T3">Se configuró el Firewall del servidor.</text:span></text:p><text:p text:style-name="P16"><text:span text:style-name="T9">1</text:span><text:span text:style-name="T10">2</text:span><text:span text:style-name="T9">. Se verificó el acceso desde Internet por medio de esta dirección: </text:span><text:a xlink:type="simple" xlink:href="http://micasa.com.ni/" text:style-name="Internet_20_link" text:visited-style-name="Visited_20_Internet_20_Link">http://micasa.com.ni</text:a></text:p><text:p text:style-name="P18"/><text:p text:style-name="P15">Recomendaciones:</text:p><text:p text:style-name="P15"/><text:p text:style-name="P16"><text:span text:style-name="T10">1. Se recomienda que se cambie la configuración dentro de la red de Habitat, de tal forma que el servidor t620.micasa.com.ni tenga asignado un IP privado </text:span><text:span text:style-name="T11">en lugar de tener un IP público</text:span><text:span text:style-name="T10">, y que el IP público quede en un equipo de seguridad desde el cual se haga NAT al servidor.</text:span></text:p><text:p text:style-name="P16"><text:span text:style-name="T10">2. Se requiere verificar con el proveedor de Internet no bloquee la salida de correos del servidor SMTP el cual a pesar de estar operando no funciona por estar </text:span><text:span text:style-name="T11">aparentemente </text:span><text:span text:style-name="T10">bloqueado.</text:span></text:p><text:p text:style-name="P15"/><text:p text:style-name="P20">Adjunto a este documento se agregan las configuraciones y comandos detallados desde el punto de vista técnico informático para referencia documental detallada.</text:p></office:text></office:body></office:document-content>