<?xml version="1.0" encoding="UTF-8"?>
<office:document-meta xmlns:office="urn:oasis:names:tc:opendocument:xmlns:office:1.0" xmlns:xlink="http://www.w3.org/1999/xlink" xmlns:dc="http://purl.org/dc/elements/1.1/" xmlns:meta="urn:oasis:names:tc:opendocument:xmlns:meta:1.0" xmlns:ooo="http://openoffice.org/2004/office" xmlns:grddl="http://www.w3.org/2003/g/data-view#" office:version="1.2"><office:meta><meta:creation-date>2019-06-30T17:06:16.814251932</meta:creation-date><dc:date>2019-06-30T19:09:29.997519578</dc:date><meta:editing-duration>PT48M33S</meta:editing-duration><meta:editing-cycles>11</meta:editing-cycles><meta:generator>LibreOffice/5.1.6.2$Linux_X86_64 LibreOffice_project/10m0$Build-2</meta:generator><meta:document-statistic meta:table-count="0" meta:image-count="0" meta:object-count="0" meta:page-count="2" meta:paragraph-count="45" meta:word-count="928" meta:character-count="5687" meta:non-whitespace-character-count="4804"/></office:meta></office:document-meta>